,assets,mean_lum_mask,std_lum_mask,mean_lum,std_lum
0,Obj0108,0.36037716,0.06809322,0.18634573,0.18634573
1,Obj0109,0.3570477,0.076171055,0.18383604,0.18383604
2,Obj0110,0.36002004,0.059956808,0.16145615,0.16145615
